{"2009.07":{"FalseAlarm":0.06499388,"MedicalFalseAlarm":0.0749816401,"NonStructuralFires":0.1115789474,"MedicalEmergencies":0.5670501836,"StructuralFires":0.6147123623,"NonMedicalEmergencies":1.0},"2009.08":{"FalseAlarm":0.0674448146,"MedicalFalseAlarm":0.0776310428,"NonStructuralFires":0.1083814683,"MedicalEmergencies":0.5496009395,"StructuralFires":0.5959303022,"NonMedicalEmergencies":1.0},"2009.09":{"FalseAlarm":0.0589774014,"MedicalFalseAlarm":0.0698991424,"NonStructuralFires":0.1047947791,"MedicalEmergencies":0.5652068389,"StructuralFires":0.6217302195,"NonMedicalEmergencies":1.0},"2009.10":{"FalseAlarm":0.0521062137,"MedicalFalseAlarm":0.0618440963,"NonStructuralFires":0.0889344462,"MedicalEmergencies":0.5130326549,"StructuralFires":0.5689217553,"NonMedicalEmergencies":1.0},"2009.11":{"FalseAlarm":0.0517579915,"MedicalFalseAlarm":0.0603450533,"NonStructuralFires":0.0906092101,"MedicalEmergencies":0.529151504,"StructuralFires":0.5927690656,"NonMedicalEmergencies":1.0},"2009.12":{"FalseAlarm":0.0460719356,"MedicalFalseAlarm":0.0548272598,"NonStructuralFires":0.0869616659,"MedicalEmergencies":0.4822763843,"StructuralFires":0.5455513488,"NonMedicalEmergencies":1.0},"2010.01":{"FalseAlarm":0.0425421722,"MedicalFalseAlarm":0.0499901351,"NonStructuralFires":0.0805465128,"MedicalEmergencies":0.489469271,"StructuralFires":0.5503107428,"NonMedicalEmergencies":1.0},"2010.02":{"FalseAlarm":0.0417644678,"MedicalFalseAlarm":0.0492648051,"NonStructuralFires":0.099123162,"MedicalEmergencies":0.4907864562,"StructuralFires":0.5501956023,"NonMedicalEmergencies":1.0},"2010.03":{"FalseAlarm":0.0484022978,"MedicalFalseAlarm":0.0566600844,"NonStructuralFires":0.0939098824,"MedicalEmergencies":0.4737905035,"StructuralFires":0.5259626604,"NonMedicalEmergencies":1.0},"2010.04":{"FalseAlarm":0.0543091122,"MedicalFalseAlarm":0.064266216,"NonStructuralFires":0.1024047836,"MedicalEmergencies":0.5509164175,"StructuralFires":0.6074093332,"NonMedicalEmergencies":1.0},"2010.05":{"FalseAlarm":0.0596150338,"MedicalFalseAlarm":0.0694444444,"NonStructuralFires":0.1045201606,"MedicalEmergencies":0.544175333,"StructuralFires":0.5925469805,"NonMedicalEmergencies":1.0},"2010.06":{"FalseAlarm":0.0615606012,"MedicalFalseAlarm":0.0720681621,"NonStructuralFires":0.1118369958,"MedicalEmergencies":0.551692631,"StructuralFires":0.5959385993,"NonMedicalEmergencies":1.0},"2010.07":{"FalseAlarm":0.0611765692,"MedicalFalseAlarm":0.071218919,"NonStructuralFires":0.1147637217,"MedicalEmergencies":0.5319719904,"StructuralFires":0.5758732022,"NonMedicalEmergencies":1.0},"2010.08":{"FalseAlarm":0.059194634,"MedicalFalseAlarm":0.0708037243,"NonStructuralFires":0.1051853937,"MedicalEmergencies":0.5492155069,"StructuralFires":0.5951828139,"NonMedicalEmergencies":1.0},"2010.09":{"FalseAlarm":0.0538140505,"MedicalFalseAlarm":0.0645258521,"NonStructuralFires":0.0997681428,"MedicalEmergencies":0.5192673313,"StructuralFires":0.5679573383,"NonMedicalEmergencies":1.0},"2010.10":{"FalseAlarm":0.0499589732,"MedicalFalseAlarm":0.0596413082,"NonStructuralFires":0.0884538741,"MedicalEmergencies":0.5275817606,"StructuralFires":0.581666862,"NonMedicalEmergencies":1.0},"2010.11":{"FalseAlarm":0.0444280368,"MedicalFalseAlarm":0.0525243781,"NonStructuralFires":0.0862082135,"MedicalEmergencies":0.5151615449,"StructuralFires":0.5752985208,"NonMedicalEmergencies":1.0},"2010.12":{"FalseAlarm":0.0377487832,"MedicalFalseAlarm":0.045175148,"NonStructuralFires":0.0762059274,"MedicalEmergencies":0.4796060599,"StructuralFires":0.5413020131,"NonMedicalEmergencies":1.0},"2011.01":{"FalseAlarm":0.0353239423,"MedicalFalseAlarm":0.0418290962,"NonStructuralFires":0.0899959343,"MedicalEmergencies":0.4905173032,"StructuralFires":0.5465046756,"NonMedicalEmergencies":1.0},"2011.02":{"FalseAlarm":0.0390374627,"MedicalFalseAlarm":0.0457509117,"NonStructuralFires":0.0837937894,"MedicalEmergencies":0.4939496077,"StructuralFires":0.5524643607,"NonMedicalEmergencies":1.0},"2011.03":{"FalseAlarm":0.0507982204,"MedicalFalseAlarm":0.0574456948,"NonStructuralFires":0.0890604554,"MedicalEmergencies":0.5292855273,"StructuralFires":0.5898717613,"NonMedicalEmergencies":1.0},"2011.04":{"FalseAlarm":0.0526401653,"MedicalFalseAlarm":0.0600902714,"NonStructuralFires":0.0924737615,"MedicalEmergencies":0.5414106259,"StructuralFires":0.5993256838,"NonMedicalEmergencies":1.0},"2011.05":{"FalseAlarm":0.0558508647,"MedicalFalseAlarm":0.0644356268,"NonStructuralFires":0.0955553892,"MedicalEmergencies":0.5603553692,"StructuralFires":0.6126874797,"NonMedicalEmergencies":1.0},"2011.06":{"FalseAlarm":0.0585834392,"MedicalFalseAlarm":0.0676507968,"NonStructuralFires":0.1031381367,"MedicalEmergencies":0.5681884837,"StructuralFires":0.6148206081,"NonMedicalEmergencies":1.0},"2011.07":{"FalseAlarm":0.060969936,"MedicalFalseAlarm":0.0693222855,"NonStructuralFires":0.1066309236,"MedicalEmergencies":0.5543345814,"StructuralFires":0.595409531,"NonMedicalEmergencies":1.0},"2011.08":{"FalseAlarm":0.0544017961,"MedicalFalseAlarm":0.0623461854,"NonStructuralFires":0.0900651958,"MedicalEmergencies":0.486421139,"StructuralFires":0.5257329131,"NonMedicalEmergencies":1.0},"2011.09":{"FalseAlarm":0.0521700357,"MedicalFalseAlarm":0.0594530321,"NonStructuralFires":0.0847701149,"MedicalEmergencies":0.5300733254,"StructuralFires":0.5778587,"NonMedicalEmergencies":1.0},"2011.10":{"FalseAlarm":0.0456191687,"MedicalFalseAlarm":0.0539898784,"NonStructuralFires":0.0802053102,"MedicalEmergencies":0.5118125345,"StructuralFires":0.563667762,"NonMedicalEmergencies":1.0},"2011.11":{"FalseAlarm":0.0429699597,"MedicalFalseAlarm":0.0491638278,"NonStructuralFires":0.0777846599,"MedicalEmergencies":0.5210591514,"StructuralFires":0.5817332507,"NonMedicalEmergencies":1.0},"2011.12":{"FalseAlarm":0.0402250688,"MedicalFalseAlarm":0.0473123429,"NonStructuralFires":0.0724051239,"MedicalEmergencies":0.5059739016,"StructuralFires":0.562336885,"NonMedicalEmergencies":1.0},"2012.01":{"FalseAlarm":0.0345854954,"MedicalFalseAlarm":0.0404449189,"NonStructuralFires":0.0758000844,"MedicalEmergencies":0.4953447377,"StructuralFires":0.5509844328,"NonMedicalEmergencies":1.0},"2012.02":{"FalseAlarm":0.0353740322,"MedicalFalseAlarm":0.0412457186,"NonStructuralFires":0.0688196183,"MedicalEmergencies":0.5365685174,"StructuralFires":0.5961200817,"NonMedicalEmergencies":1.0},"2012.03":{"FalseAlarm":0.0409683907,"MedicalFalseAlarm":0.0473624504,"NonStructuralFires":0.077579539,"MedicalEmergencies":0.533027381,"StructuralFires":0.5904965709,"NonMedicalEmergencies":1.0},"2012.04":{"FalseAlarm":0.0440901305,"MedicalFalseAlarm":0.0510739228,"NonStructuralFires":0.0953221768,"MedicalEmergencies":0.5449202794,"StructuralFires":0.6044538147,"NonMedicalEmergencies":1.0},"2012.05":{"FalseAlarm":0.0466065027,"MedicalFalseAlarm":0.0551366053,"NonStructuralFires":0.0783533193,"MedicalEmergencies":0.5395969836,"StructuralFires":0.5905797997,"NonMedicalEmergencies":1.0},"2012.06":{"FalseAlarm":0.0517048564,"MedicalFalseAlarm":0.0597710995,"NonStructuralFires":0.0875627573,"MedicalEmergencies":0.5434363623,"StructuralFires":0.5891926619,"NonMedicalEmergencies":1.0},"2012.07":{"FalseAlarm":0.0541762785,"MedicalFalseAlarm":0.0619875294,"NonStructuralFires":0.0926843752,"MedicalEmergencies":0.5342027728,"StructuralFires":0.5785122079,"NonMedicalEmergencies":1.0},"2012.08":{"FalseAlarm":0.051973279,"MedicalFalseAlarm":0.0607618326,"NonStructuralFires":0.0854929644,"MedicalEmergencies":0.5449376984,"StructuralFires":0.5869616715,"NonMedicalEmergencies":1.0},"2012.09":{"FalseAlarm":0.0472676908,"MedicalFalseAlarm":0.0545958197,"NonStructuralFires":0.0798035759,"MedicalEmergencies":0.5288592294,"StructuralFires":0.5763787459,"NonMedicalEmergencies":1.0},"2012.10":{"FalseAlarm":0.0410383295,"MedicalFalseAlarm":0.0468186763,"NonStructuralFires":0.0727769127,"MedicalEmergencies":0.4585884009,"StructuralFires":0.5089051469,"NonMedicalEmergencies":1.0},"2012.11":{"FalseAlarm":0.0361935402,"MedicalFalseAlarm":0.0413156669,